{
    "logical_height": 256,
    "infiniburn": "#minecraft:infiniburn_overworld",
    "effects": "minecraft:the_end",
    "ambient_light": 0.4,
    "respawn_anchor_works": false,
    "has_raids": true,
    "min_y": 0,
    "height": 256,
    "natural": false,
    "coordinate_scale": 0.5,
    "piglin_safe": true,
    "bed_works": true,
    "fixed_time": 18000,
    "has_skylight": false,
    "has_ceiling": true,
    "ultrawarm": false,
    "monster_spawn_light_level": 0,
    "monster_spawn_block_light_limit": 15
}