{"stats":{"minecraft:custom":{"minecraft:talked_to_villager":21,"minecraft:time_since_rest":131,"minecraft:walk_one_cm":45778,"minecraft:leave_game":8,"minecraft:walk_under_water_one_cm":4283,"minecraft:mob_kills":42,"minecraft:damage_taken":720,"minecraft:play_time":66293,"minecraft:damage_dealt":11206,"minecraft:jump":201,"minecraft:time_since_death":131,"minecraft:open_enderchest":2,"minecraft:open_barrel":1,"minecraft:sprint_one_cm":18493,"minecraft:open_chest":2,"minecraft:total_world_time":91368,"minecraft:fly_one_cm":431438,"minecraft:walk_on_water_one_cm":2044,"minecraft:crouch_one_cm":1255,"minecraft:sneak_time":1880,"minecraft:deaths":13},"minecraft:used":{"minecraft:diamond_block":1,"minecraft:cut_sandstone":3,"minecraft:sand":353,"minecraft:grass_block":1,"minecraft:lava_bucket":4,"minecraft:redstone_block":25,"minecraft:netherite_sword":112,"minecraft:chain_command_block":2,"minecraft:cactus":8,"minecraft:redstone":5,"minecraft:andesite":104,"minecraft:cracked_stone_bricks":1,"minecraft:oak_log":46,"minecraft:soul_soil":1,"minecraft:structure_block":15,"minecraft:water_bucket":9,"minecraft:target":4,"minecraft:stone_bricks":28,"minecraft:command_block":16,"minecraft:cut_red_sandstone":3,"minecraft:sandstone":480,"minecraft:bedrock":2,"minecraft:iron_door":1,"minecraft:mossy_stone_bricks":1},"minecraft:picked_up":{"minecraft:iron_door":1,"minecraft:dandelion":18,"minecraft:wheat_seeds":5,"minecraft:bow":1,"minecraft:leather":186,"minecraft:bone":31,"minecraft:arrow":22,"minecraft:gunpowder":35,"minecraft:firework_star":1,"minecraft:cactus":1},"minecraft:killed":{"minecraft:husk":15,"minecraft:skeleton":14,"minecraft:creeper":10}},"DataVersion":4325}