{
    "type": "minecraft:entity",
    "pools": [
      {
        "bonus_rolls": 0.0,
        "entries": [
          {
            "type": "minecraft:item",
            "functions": [
              {
                "add": false,
                "count": {
                  "type": "minecraft:uniform",
                  "max": 2.0,
                  "min": 0.0
                },
                "function": "minecraft:set_count"
              },
              {
                "count": {
                  "type": "minecraft:uniform",
                  "max": 1.0,
                  "min": 0.0
                },
                "enchantment": "minecraft:looting",
                "function": "minecraft:enchanted_count_increase"
              }
            ],
            "name": "minecraft:string"
          }
        ],
        "rolls": 1.0
      },
      {
        "rolls": 1,
        "bonus_rolls": 0,
        "entries": [
            {
            "type": "minecraft:item",
            "name": "minecraft:stone_sword",
            "weight": 1,
            "functions": [
                {
                    "function": "minecraft:set_components",
                    "components": {
                      "minecraft:unbreakable": {}
                    }
                },
                {
                    "function": "minecraft:set_name",
                    "target": "custom_name",
                    "name": {
                        "text": "Bane of Arthropods I",
                        "italic": false
                    }
                },
                {
                    "function": "minecraft:set_lore",
                    "lore": [
                      {
                        "text": "rarely dropped by spiders"
                      }
                    ],
                    "mode": "replace_all"
                },
                
                {
                    "function": "minecraft:enchant_with_levels",
                    "levels": 4.5,
                    "options": "minecraft:bane_of_arthropods"
                }
            ]
            },
            {
                "type": "minecraft:empty",
                "weight": 249
            }
        ]
      },
      {
        "bonus_rolls": 0.0,
        "conditions": [
          {
            "condition": "minecraft:killed_by_player"
          }
        ],
        "entries": [
          {
            "type": "minecraft:item",
            "functions": [
              {
                "add": false,
                "count": {
                  "type": "minecraft:uniform",
                  "max": 1.0,
                  "min": -1.0
                },
                "function": "minecraft:set_count"
              },
              {
                "count": {
                  "type": "minecraft:uniform",
                  "max": 1.0,
                  "min": 0.0
                },
                "enchantment": "minecraft:looting",
                "function": "minecraft:enchanted_count_increase"
              }
            ],
            "name": "minecraft:spider_eye"
          }
        ],
        "rolls": 1.0
      }
    ],
    "random_sequence": "minecraft:entities/spider"
  }