{
    "type": "minecraft:entity",
    "pools": [
      {
        "bonus_rolls": 0.0,
        "entries": [
          {
            "type": "minecraft:item",
            "functions": [
              {
                "add": false,
                "count": {
                  "type": "minecraft:uniform",
                  "max": 2.0,
                  "min": 0.0
                },
                "function": "minecraft:set_count"
              },
              {
                "count": {
                  "type": "minecraft:uniform",
                  "max": 1.0,
                  "min": 0.0
                },
                "enchantment": "minecraft:looting",
                "function": "minecraft:enchanted_count_increase"
              }
            ],
            "name": "minecraft:rotten_flesh"
          }
        ],
        "rolls": 1.0
      },
      {
        "rolls": 1,
        "bonus_rolls": 0,
        "entries": [
            {
            "type": "minecraft:item",
            "name": "minecraft:wooden_sword",
            "weight": 1,
            "functions": [
                {
                    "function": "minecraft:set_components",
                    "components": {
                      "minecraft:unbreakable": {}
                    }
                },
                {
                    "function": "minecraft:set_name",
                    "target": "custom_name",
                    "name": {
                        "text": "Smite I",
                        "italic": false
                    }
                },
                {
                    "function": "minecraft:set_lore",
                    "lore": [
                      {
                        "text": "rarely dropped by zombies"
                      }
                    ],
                    "mode": "replace_all"
                },
                
                {
                    "function": "minecraft:enchant_with_levels",
                    "levels": 4.5,
                    "options": "minecraft:smite"
                }
            ]
            },
            {
                "type": "minecraft:empty",
                "weight": 299
            }
        ]
      },
      {
        "bonus_rolls": 0.0,
        "conditions": [
          {
            "condition": "minecraft:killed_by_player"
          },
          {
            "condition": "minecraft:random_chance_with_enchanted_bonus",
            "enchanted_chance": {
              "type": "minecraft:linear",
              "base": 0.035,
              "per_level_above_first": 0.01
            },
            "enchantment": "minecraft:looting",
            "unenchanted_chance": 0.025
          }
        ],
        "entries": [
          {
            "type": "minecraft:item",
            "name": "minecraft:iron_ingot"
          },
          {
            "type": "minecraft:item",
            "name": "minecraft:carrot"
          },
          {
            "type": "minecraft:item",
            "functions": [
              {
                "conditions": [
                  {
                    "condition": "minecraft:any_of",
                    "terms": [
                      {
                        "condition": "minecraft:entity_properties",
                        "entity": "this",
                        "predicate": {
                          "flags": {
                            "is_on_fire": true
                          }
                        }
                      },
                      {
                        "condition": "minecraft:entity_properties",
                        "entity": "direct_attacker",
                        "predicate": {
                          "equipment": {
                            "mainhand": {
                              "predicates": {
                                "minecraft:enchantments": [
                                  {
                                    "enchantments": "#minecraft:smelts_loot"
                                  }
                                ]
                              }
                            }
                          }
                        }
                      }
                    ]
                  }
                ],
                "function": "minecraft:furnace_smelt"
              }
            ],
            "name": "minecraft:potato"
          }
        ],
        "rolls": 1.0
      }
    ],
    "random_sequence": "minecraft:entities/zombie"
  }